{
  "Add Contact" : {
    "transaction" : "Add Contact",
    "sampleCount" : 100,
    "errorCount" : 0,
    "errorPct" : 0.0,
    "meanResTime" : 821.5299999999995,
    "medianResTime" : 719.5,
    "minResTime" : 652.0,
    "maxResTime" : 1301.0,
    "pct1ResTime" : 1024.2,
    "pct2ResTime" : 1099.95,
    "pct3ResTime" : 1300.6699999999998,
    "throughput" : 3.272786777941417,
    "receivedKBytesPerSec" : 3.3921923580428737,
    "sentKBytesPerSec" : 2.726256954671903
  },
  "Patch Contact" : {
    "transaction" : "Patch Contact",
    "sampleCount" : 100,
    "errorCount" : 30,
    "errorPct" : 30.0,
    "meanResTime" : 845.6799999999998,
    "medianResTime" : 718.0,
    "minResTime" : 665.0,
    "maxResTime" : 1883.0,
    "pct1ResTime" : 1044.9,
    "pct2ResTime" : 1250.7999999999997,
    "pct3ResTime" : 1880.9799999999989,
    "throughput" : 3.123048094940662,
    "receivedKBytesPerSec" : 2.9709824914116174,
    "sentKBytesPerSec" : 1.8268611414740785
  },
  "Update Contact" : {
    "transaction" : "Update Contact",
    "sampleCount" : 100,
    "errorCount" : 0,
    "errorPct" : 0.0,
    "meanResTime" : 824.49,
    "medianResTime" : 725.0,
    "minResTime" : 658.0,
    "maxResTime" : 1511.0,
    "pct1ResTime" : 1031.8,
    "pct2ResTime" : 1076.35,
    "pct3ResTime" : 1508.969999999999,
    "throughput" : 3.1563663910106685,
    "receivedKBytesPerSec" : 3.2876761646991985,
    "sentKBytesPerSec" : 2.7340790906508428
  },
  "Total" : {
    "transaction" : "Total",
    "sampleCount" : 600,
    "errorCount" : 70,
    "errorPct" : 11.666667,
    "meanResTime" : 1146.0416666666658,
    "medianResTime" : 991.5,
    "minResTime" : 652.0,
    "maxResTime" : 3230.0,
    "pct1ResTime" : 1978.6,
    "pct2ResTime" : 2459.4999999999955,
    "pct3ResTime" : 2653.9,
    "throughput" : 13.939872682496166,
    "receivedKBytesPerSec" : 72.59202312566795,
    "sentKBytesPerSec" : 8.487122679592026
  },
  "Get Contact" : {
    "transaction" : "Get Contact",
    "sampleCount" : 100,
    "errorCount" : 0,
    "errorPct" : 0.0,
    "meanResTime" : 1395.5699999999995,
    "medianResTime" : 1143.0,
    "minResTime" : 1074.0,
    "maxResTime" : 2121.0,
    "pct1ResTime" : 1982.9,
    "pct2ResTime" : 2080.2499999999995,
    "pct3ResTime" : 2120.95,
    "throughput" : 3.1462371004278884,
    "receivedKBytesPerSec" : 82.67260305892903,
    "sentKBytesPerSec" : 1.6069160190661969
  },
  "Delete Contact" : {
    "transaction" : "Delete Contact",
    "sampleCount" : 100,
    "errorCount" : 40,
    "errorPct" : 40.0,
    "meanResTime" : 833.8199999999999,
    "medianResTime" : 720.5,
    "minResTime" : 668.0,
    "maxResTime" : 1485.0,
    "pct1ResTime" : 1033.6,
    "pct2ResTime" : 1141.5,
    "pct3ResTime" : 1483.239999999999,
    "throughput" : 3.092432816897053,
    "receivedKBytesPerSec" : 2.1754540077929305,
    "sentKBytesPerSec" : 1.7213737359680858
  },
  "User Login" : {
    "transaction" : "User Login",
    "sampleCount" : 100,
    "errorCount" : 0,
    "errorPct" : 0.0,
    "meanResTime" : 2155.1599999999985,
    "medianResTime" : 1971.0,
    "minResTime" : 1853.0,
    "maxResTime" : 3230.0,
    "pct1ResTime" : 2586.7,
    "pct2ResTime" : 2658.75,
    "pct3ResTime" : 3226.489999999998,
    "throughput" : 3.121293464011486,
    "receivedKBytesPerSec" : 3.8564434226543485,
    "sentKBytesPerSec" : 0.9409602464261191
  }
}