{
  "Add Contact" : {
    "transaction" : "Add Contact",
    "sampleCount" : 50,
    "errorCount" : 0,
    "errorPct" : 0.0,
    "meanResTime" : 743.6999999999998,
    "medianResTime" : 663.0,
    "minResTime" : 619.0,
    "maxResTime" : 986.0,
    "pct1ResTime" : 955.8,
    "pct2ResTime" : 969.45,
    "pct3ResTime" : 986.0,
    "throughput" : 1.6700624603360166,
    "receivedKBytesPerSec" : 1.732755039413474,
    "sentKBytesPerSec" : 1.3911750768228732
  },
  "Patch Contact" : {
    "transaction" : "Patch Contact",
    "sampleCount" : 50,
    "errorCount" : 0,
    "errorPct" : 0.0,
    "meanResTime" : 754.3400000000001,
    "medianResTime" : 677.0,
    "minResTime" : 627.0,
    "maxResTime" : 1007.0,
    "pct1ResTime" : 965.5,
    "pct2ResTime" : 978.05,
    "pct3ResTime" : 1007.0,
    "throughput" : 1.5995393326721905,
    "receivedKBytesPerSec" : 1.668581948398861,
    "sentKBytesPerSec" : 0.9356680276080489
  },
  "Update Contact" : {
    "transaction" : "Update Contact",
    "sampleCount" : 50,
    "errorCount" : 0,
    "errorPct" : 0.0,
    "meanResTime" : 751.3200000000002,
    "medianResTime" : 665.5,
    "minResTime" : 625.0,
    "maxResTime" : 1192.0,
    "pct1ResTime" : 965.6,
    "pct2ResTime" : 981.4999999999999,
    "pct3ResTime" : 1192.0,
    "throughput" : 1.6168671581942826,
    "receivedKBytesPerSec" : 1.6865945543914111,
    "sentKBytesPerSec" : 1.4005480169124305
  },
  "Total" : {
    "transaction" : "Total",
    "sampleCount" : 300,
    "errorCount" : 0,
    "errorPct" : 0.0,
    "meanResTime" : 1053.23,
    "medianResTime" : 927.0,
    "minResTime" : 619.0,
    "maxResTime" : 2695.0,
    "pct1ResTime" : 1879.9,
    "pct2ResTime" : 2354.9999999999955,
    "pct3ResTime" : 2528.63,
    "throughput" : 7.060152499293984,
    "receivedKBytesPerSec" : 33.92423959951285,
    "sentKBytesPerSec" : 4.298442390626471
  },
  "Get Contact" : {
    "transaction" : "Get Contact",
    "sampleCount" : 50,
    "errorCount" : 0,
    "errorPct" : 0.0,
    "meanResTime" : 1293.2600000000002,
    "medianResTime" : 1063.0,
    "minResTime" : 1011.0,
    "maxResTime" : 1920.0,
    "pct1ResTime" : 1891.9,
    "pct2ResTime" : 1904.35,
    "pct3ResTime" : 1920.0,
    "throughput" : 1.6123831022250887,
    "receivedKBytesPerSec" : 38.260843276362465,
    "sentKBytesPerSec" : 0.8235120727184778
  },
  "Delete Contact" : {
    "transaction" : "Delete Contact",
    "sampleCount" : 50,
    "errorCount" : 0,
    "errorPct" : 0.0,
    "meanResTime" : 743.0,
    "medianResTime" : 666.5,
    "minResTime" : 622.0,
    "maxResTime" : 962.0,
    "pct1ResTime" : 953.7,
    "pct2ResTime" : 956.45,
    "pct3ResTime" : 962.0,
    "throughput" : 1.5849870031065747,
    "receivedKBytesPerSec" : 1.1730142094084828,
    "sentKBytesPerSec" : 0.8822681560261206
  },
  "User Login" : {
    "transaction" : "User Login",
    "sampleCount" : 50,
    "errorCount" : 0,
    "errorPct" : 0.0,
    "meanResTime" : 2033.7599999999998,
    "medianResTime" : 1870.5,
    "minResTime" : 1775.0,
    "maxResTime" : 2695.0,
    "pct1ResTime" : 2489.3,
    "pct2ResTime" : 2533.95,
    "pct3ResTime" : 2695.0,
    "throughput" : 1.5765410688948447,
    "receivedKBytesPerSec" : 1.9500150264070628,
    "sentKBytesPerSec" : 0.47521012336433865
  }
}