{
  "Add Contact" : {
    "transaction" : "Add Contact",
    "sampleCount" : 200,
    "errorCount" : 97,
    "errorPct" : 48.5,
    "meanResTime" : 1296.7699999999995,
    "medianResTime" : 732.5,
    "minResTime" : 276.0,
    "maxResTime" : 5852.0,
    "pct1ResTime" : 3700.8,
    "pct2ResTime" : 4668.099999999999,
    "pct3ResTime" : 5818.520000000004,
    "throughput" : 5.900401227283456,
    "receivedKBytesPerSec" : 5.365043533897805,
    "sentKBytesPerSec" : 4.037568499970498
  },
  "Patch Contact" : {
    "transaction" : "Patch Contact",
    "sampleCount" : 200,
    "errorCount" : 118,
    "errorPct" : 59.0,
    "meanResTime" : 1501.0699999999997,
    "medianResTime" : 765.5,
    "minResTime" : 0.0,
    "maxResTime" : 8015.0,
    "pct1ResTime" : 5174.1,
    "pct2ResTime" : 6271.299999999998,
    "pct3ResTime" : 7663.5400000000045,
    "throughput" : 3.3376723073328662,
    "receivedKBytesPerSec" : 5.040455587054838,
    "sentKBytesPerSec" : 1.0054900798120892
  },
  "Update Contact" : {
    "transaction" : "Update Contact",
    "sampleCount" : 200,
    "errorCount" : 97,
    "errorPct" : 48.5,
    "meanResTime" : 16008.019999999999,
    "medianResTime" : 5836.0,
    "minResTime" : 723.0,
    "maxResTime" : 30396.0,
    "pct1ResTime" : 30315.7,
    "pct2ResTime" : 30326.9,
    "pct3ResTime" : 30376.99,
    "throughput" : 3.2789035346580104,
    "receivedKBytesPerSec" : 3.6530635717915927,
    "sentKBytesPerSec" : 2.315309354301921
  },
  "Total" : {
    "transaction" : "Total",
    "sampleCount" : 1200,
    "errorCount" : 664,
    "errorPct" : 55.333332,
    "meanResTime" : 6853.05,
    "medianResTime" : 2233.5,
    "minResTime" : 0.0,
    "maxResTime" : 31277.0,
    "pct1ResTime" : 30307.9,
    "pct2ResTime" : 31128.95,
    "pct3ResTime" : 31216.0,
    "throughput" : 11.853373766508293,
    "receivedKBytesPerSec" : 40.99782757600976,
    "sentKBytesPerSec" : 5.4361821610428995
  },
  "Get Contact" : {
    "transaction" : "Get Contact",
    "sampleCount" : 200,
    "errorCount" : 97,
    "errorPct" : 48.5,
    "meanResTime" : 1753.8550000000007,
    "medianResTime" : 1206.0,
    "minResTime" : 267.0,
    "maxResTime" : 8558.0,
    "pct1ResTime" : 4933.1,
    "pct2ResTime" : 5858.95,
    "pct3ResTime" : 7493.030000000003,
    "throughput" : 5.613562366677893,
    "receivedKBytesPerSec" : 86.07474173227517,
    "sentKBytesPerSec" : 2.032230180616369
  },
  "Delete Contact" : {
    "transaction" : "Delete Contact",
    "sampleCount" : 200,
    "errorCount" : 158,
    "errorPct" : 79.0,
    "meanResTime" : 16332.17,
    "medianResTime" : 5960.5,
    "minResTime" : 740.0,
    "maxResTime" : 31277.0,
    "pct1ResTime" : 31190.5,
    "pct2ResTime" : 31220.8,
    "pct3ResTime" : 31276.8,
    "throughput" : 2.216361178217602,
    "receivedKBytesPerSec" : 2.0639214147587492,
    "sentKBytesPerSec" : 0.8789040855847869
  },
  "User Login" : {
    "transaction" : "User Login",
    "sampleCount" : 200,
    "errorCount" : 97,
    "errorPct" : 48.5,
    "meanResTime" : 4226.414999999999,
    "medianResTime" : 4316.0,
    "minResTime" : 1970.0,
    "maxResTime" : 7644.0,
    "pct1ResTime" : 6552.1,
    "pct2ResTime" : 7028.65,
    "pct3ResTime" : 7636.59,
    "throughput" : 5.851032707272834,
    "receivedKBytesPerSec" : 5.583993631516587,
    "sentKBytesPerSec" : 1.7639377998654262
  }
}